Keyword,SEO Title,H1 Title,metadesc,previous slug,PRIORITY,comp1,comp2,comp3,Vol,KD,link to competitor,internal url,comp1 url,comp2 url,comp3 url,notes,comp4,comp5,status
hire IIT students,"Hire IIT Students — Vetted, Not Potential",Hire IIT KGP Students. Real Work. Global Delivery.,"Hire IIT Kharagpur students for web dev, SEO, AI & more. Vetted talent. No fluff. Just proof. Start your project today.",/,P0,How to Hire Students | Illinois Institute of Technology,On-Campus Jobs | Illinois Institute of Technology,Student Employment Office - Illinois Institute of Technology,,,,"https://kgphustlehouse.com/talent
https://kgphustlehouse.com/how-it-works
https://kgphustlehouse.com/services
",https://www.iit.edu/student-employment/faculty-and-staff/how-hire-students,https://www.iit.edu/student-employment/students/campus-jobs,https://www.iit.edu/student-employment/students,"Focus on hiring top IIT Kharagpur students. Include detailed case studies and stats on project success. Highlight skills in web dev, AI, design. Emphasize vetting process. Address user intent to find qualified, trustworthy candidates. Offer clear, actionable steps to engage students in various roles. Content should be authoritative and backed by testimonials from satisfied clients. Highlight rapid onboarding and project transformation stories.",Student Employment Office - Illinois Institute of Technology,What's the best way to hire a current IITB student for an internship in ...,DONE
hire IIT student freelancer,Hire IIT Student Freelancers — Proof of Work,The IIT Freelancers Who've Already Done the Work,"Find and hire vetted IIT student freelancers. Web dev, SEO, AI automation, design. Real projects. Real results. Browse talent now.",/talent,P0,"IIT Final Year | Available for Paid Freelance Work (Sales, Leads ...","Looking for IIT students, part time job - Freelancer",How to Hire Students | Illinois Institute of Technology,,,,"https://kgphustlehouse.com/talent
https://kgphustlehouse.com/services
https://kgphustlehouse.com/how-it-works
",https://www.reddit.com/r/Freelancers/comments/1rx0u0j/iit_final_year_available_for_paid_freelance_work/,https://www.freelancer.com/projects/technology/looking-for-iit-students-part,https://www.facebook.com/groups/TechStartupsOnly/posts/2312549665809657/,"Feature detailed profiles of IIT Kharagpur student freelancers. Include testimonials, portfolio highlights, success stories. Emphasize strengths in web development, SEO, AI. Provide comparative stats on freelancing success rate vs. other sources. Address user need for reliability and expertise. Use dynamic content formats: infographics, interviews, case studies.",Looking to Hire a Student App Developer (IIT Preferred) Hi everyone ...,"Iit jee Jobs, Employment - Freelancer",DONE
hire [name] IIT Kharagpur,Hire [Name] — IIT Kharagpur Specialist,Meet [Name]: IIT KGP. Built for Your Project.,"Hire [Name] from IIT Kharagpur. Verified skills, real delivery. Book a free discovery call directly. No agency middleman.",/talent/[slug],P0,Establishment and Personnel Section - IIT KGP,Academic Section - Indian Institute of Technology Kharagpur |,IIT Kharagpur - Wikipedia,,,,"https://kgphustlehouse.com/talent
https://kgphustlehouse.com/services/web-development
https://kgphustlehouse.com/services/ai-automation
",https://www.iitkgp.ac.in/department/EP/staff,https://www.iitkgp.ac.in/department/DA/staff,https://erp.iitkgp.ac.in/SRICStaffRecruitment/Advertise.jsp,"Include profiles of IIT Kharagpur students specialized in web development, SEO, design, AI, and digital marketing. Present real-world success stories, stats on project speeds, and completion rates. Address hiring intent. Highlight the vetting process of students. Provide cost comparisons and value propositions over traditional hiring methods. Use authentic testimonials.",Recruitment(IIT-KGP),IIT Kharagpur - HireClub,DONE
IIT student agency services,IIT Student Agency Services — Built to Deliver,Every Service. One Vetted IIT KGP Team.,"Web dev, SEO, design, AI, video — all delivered by vetted IIT Kharagpur students. One agency. Zero fluff. See what we build.",/services,P0,Office of Student Affairs | Illinois Institute of Technology,Student Employment Office - Illinois Institute of Technology,Office of Global Services (OGS) | Illinois Institute of Technology,,,,"https://kgphustlehouse.com/talent
https://kgphustlehouse.com/services
https://kgphustlehouse.com/contact
",https://www.iit.edu/student-affairs,https://www.iit.edu/student-employment,https://www.iit.edu/community-standards/student-support-team,"Article must focus on hiring IIT students for diverse projects like web dev, SEO, design, etc. Include statistics on IIT student skills and project success rates. Emphasize competitive pricing and quality. Use list format to highlight services. Target businesses seeking top-notch talent and innovations, ensuring content meets hiring and project development intent.",Student Support Team | Illinois Institute of Technology,"IIT - Updated April 2026 - 11 Broadway, New York, New York - Yelp",DONE
hire IIT student web developer,Hire IIT Kharagpur Web Developers — Vetted,IIT KGP Web Developers Who Ship. Not Just Code.,"Hire IIT Kharagpur web developers for your next project. React, Next.js, full-stack. Vetted talent. Fast turnaround. Get a quote today.",/services/web-development,P0,On-Campus Jobs | Illinois Institute of Technology,Web Development | The Global Career Accelerator,Looking for web developers : r/IIT - Reddit,,,,"https://kgphustlehouse.com/talent
https://kgphustlehouse.com/services/web-development
https://kgphustlehouse.com/pricing
",https://www.iit.edu/student-employment/students/campus-jobs,https://careeraccelerator.iit.edu/coding-for-web,https://www.upwork.com/freelance-jobs/apply/commerce-Website-for-IIT-Campus_~022045449324864260521/,"Focus on hiring process, benefits of IIT talent. Include testimonials, project success stories, and specific skills like JavaScript, AI. Use engaging visuals, clear CTAs, client case studies. Address user needs for quality, efficiency, and innovation. Back up claims with real data/statistics to build trust. Showcase seamless integration into existing teams.",E-commerce Website for IIT Campus - Upwork,Which companies hire software engineers from the Indian Institutes ...,DONE
affordable SEO agency India,Affordable SEO Agency India — IIT-Backed,Rank Higher With India's Most Vetted SEO Team,"Affordable SEO agency in India backed by IIT Kharagpur talent. Technical SEO, content, links. Real rankings. See our work.",/services/seo,P0,SEO India | Affordable AI SEO Services at $99 | SERP WIZARD,Cheap SEO Packages India | Affordable SEO Company - serp shine,Best SEO Companies in India 2026 - Semrush Agency Partners,,,,"https://kgphustlehouse.com/services/seo
https://kgphustlehouse.com/pricing
https://kgphustlehouse.com/how-it-works
",https://www.serpwizard.com/seo-services-india/,https://serpshine.com/seo-package-india/,https://buttondown.com/sim-shis/archive/top-10-affordable-wordpress-seo-services-in-india/,Focus on IIT Kharagpur as the primary entity for authority. Include benefits of hiring students. Contrast with typical agencies using data/stats. Emphasize unique selling points: global service by elite students. Use a direct content format with specific case studies of successful projects. Serve the intent of affordability and quality SEO services.,Top 10 affordable WordPress SEO services in India - Buttondown,"SEO India, ROI-Driven SEO Services, Best SEO Company India",DONE
AI automation services India,AI Automation Services India — IIT-Built,IIT-Built AI Automation. India's Sharpest Operators.,"AI automation services in India by IIT Kharagpur students. Zapier, Make, custom GPT. Cut ops costs. See what we've automated.",/services/ai-automation,P0,AI Automation Agency - The Brihaspati Infotech,AI Automation Agency,AI Automation Agency – Custom AI Solutions Provider in India,,,,"https://kgphustlehouse.com/services/ai-automation
https://kgphustlehouse.com/how-it-works
https://kgphustlehouse.com/solutions/global
",https://www.brihaspatitech.com/ai/ai-automation-agency/,https://automationagencyindia.com/,https://mrkhan.digital/ai-automation-agency-in-bangalore-india/,"Target business leaders seeking precision AI automation in India. Highlight IIT's elite expertise and real-world global projects. Include competitor analysis with detailed case studies, ROI statistics, and concrete efficiency outcomes. Address cost-effectiveness and integration ease. Use direct comparison with current solutions and failures of generic approaches. Create urgency around missed opportunities in AI innovation.",Best AI Automation Agency In Bangalore India - Mrkhan Digital,What Is AI Automation?(A Complete Guide) | Salesforce India,DONE
hire student designer India,Hire Student Designers India — IIT Vetted,IIT KGP Designers. Sharp Portfolios. Zero Fluff.,"Hire vetted student designers from IIT Kharagpur. Branding, UI/UX, motion. Proof-first talent. Browse portfolios and book a call.",/services/design,P0,Hire the Best Graphic Designers in India - Upwork,"[Hiring] Student Designer from India Offering Poster, UI/UX ... - Reddit",Hire Designers | World's Top Designer Recruitment Agency,,,,"https://kgphustlehouse.com/talent
https://kgphustlehouse.com/services/design
https://kgphustlehouse.com/how-it-works
",https://www.upwork.com/hire/graphic-designers/in/,https://www.reddit.com/r/DesignJobs/comments/1lnwpw2/hiring_student_designer_from_india_offering/,https://creativepool.com/graphic-designers-in-india,"Focus: hiring IIT KGP student designers. Include portfolio showcases, project outcomes. Compare with market offerings. Emphasize unique skills. Data: satisfaction rates, average costs. Angle: bridge talent with global projects. Show impact and practical benefits for businesses.",Hire Graphic Designers in India - Creativepool,"1,000+ Graphic Design Student jobs in India - LinkedIn",DONE
hire video editor India,Hire Video Editors India — IIT KGP Trained,IIT KGP Video Editors Who Make Reels That Convert,"Hire video editors in India from IIT Kharagpur. Reels, YouTube, brand films. Sharp edits. Proven work. Browse and book today.",/services/video-editing,P0,Hire the Best Video Editors in India - Upwork,Hire Video Editors in India - Behance,Best freelance Video Editors in India to hire in 2026 - Contra,,,,"https://kgphustlehouse.com/services/video-editing
https://kgphustlehouse.com/talent
https://kgphustlehouse.com/pricing
",https://www.upwork.com/hire/video-editors/in/,https://www.behance.net/hire/video-editors/india,https://www.truelancer.com/video-editing-freelancers-in-india,"Focus on hiring elite IIT KGP video talent. Include testimonials, portfolio highlights, and unique styles. Compare with average market rates and satisfaction scores. User intent: hire fast but top-quality editors in India. Reviews and video format diversity enhance CTR.",Hire best Video editing in India - Connect Instantly - Truelancer,Hire Video Editors in India - Creativepool,DONE
IIT student marketing agency,IIT Student Marketing Agency — Results Only,"IIT KGP Marketers Who Close, Not Just Campaign","IIT student marketing agency delivering SEO, paid ads, and growth systems. No vanity metrics. Just results. Start your campaign now.",/services/digital-marketing,P0,Office of Marketing and Communications,Services | Marketing and Communications,Student Marketing Agency: Home,,,,"https://kgphustlehouse.com/talent
https://kgphustlehouse.com/services/digital-marketing
https://kgphustlehouse.com/how-it-works
",https://www.iit.edu/marketing-communications,https://www.iit.edu/marketing-communications/services,https://www.linkedin.com/company/student-marketing-agency,"Target primary entity: IIT KGP student-led agency. Support with case studies, client testimonials, and specific marketing services offered. Use factual data on campaign outcomes. Match user intent for quality and innovation-seeking leads. Highlight global project success stories. Present as exclusive access to elite talent. Content must be structured, easy to navigate with clear CTA.",Student Marketing Agency | LinkedIn,Contact - Student Marketing Agency,DONE
hire IIT student agency,Hire IIT Student Agency — Direct Access,One Agency. Vetted IIT KGP Talent. Global Clients.,"Hire from KGP Hustle House — India's only IIT-backed student agency. Web dev, SEO, AI, design. Get a quote in 24 hours.",/contact,P0,Student Employment Office - Illinois Institute of Technology,Student Employment Office - Illinois Institute of Technology,How to Hire Students | Illinois Institute of Technology,,,,"https://kgphustlehouse.com/talent
https://kgphustlehouse.com/how-it-works
https://kgphustlehouse.com/services
",https://www.iit.edu/student-employment,https://www.iit.edu/student-employment/students,https://www.iit.edu/student-employment/students/campus-jobs,"Include primary entity: IIT student agency focused on Kharagpur. Cover supporting entities: web dev, SEO, design. Format: case studies, success stats. User intent: hiring premium engineering and tech talent. Highlight direct access to vetted students, unique outcomes delivered globally. Avoid general employment descriptions.",On-Campus Jobs | Illinois Institute of Technology,it-staffing-services-3 - iitworkforce,DONE
how to hire IIT students,How to Hire IIT Students — The Direct Way,Here's Exactly How to Hire an IIT KGP Student,"Step-by-step guide to hiring IIT Kharagpur students for your project. Vetted talent, clear process, fast turnaround. Start here.",/how-it-works,P1,Hiring Process | Illinois Institute of Technology,How do IIT students get internships at quant firms? - Reddit,I wish to hire IIT or IIM graduates with 3 years experience in my new ...,,,,"https://kgphustlehouse.com/talent
https://kgphustlehouse.com/how-it-works
https://kgphustlehouse.com/services
",https://www.iit.edu/hr/employee-resources/hiring-process,https://www.reddit.com/r/Btechtards/comments/1n0bk31/how_do_iit_students_get_internships_at_quant_firms/,https://www.iit.edu/student-employment/students/campus-jobs,"Target hiring managers seeking skilled IIT Kharagpur students. Emphasize 'Proof > Potential'. Format: listicle, guides, and testimonials from clients. Include data on success rates, savings, and speed. Use direct access to proven skills as a unique angle. Highlight 'No workshops. Just work.' Ensure comparison with traditional campus recruitment.",On-Campus Jobs | Illinois Institute of Technology,"These 7,000 IIT graduates have 2 choices | Sarvesh Agrawal",DONE
student agency pricing India,Student Agency Pricing India — No Hidden Costs,What IIT Student Agency Work Actually Costs in India,"Transparent pricing for IIT student agency work in India. Web dev, SEO, AI, design. See packages and get a custom quote today.",/pricing,P1,What is the common range of fees charged by international student ...,Santamonica Study Abroad Pvt. Ltd. | Education Consultants,Recruit International Students from India - Charlesworth Group,,,,"https://kgphustlehouse.com/pricing
https://kgphustlehouse.com/how-it-works
https://kgphustlehouse.com/faq
",https://www.quora.com/What-is-the-common-range-of-fees-charged-by-international-student-recruitment-agencies,https://santamonicaedu.in/,http://www.globalreach.in/,"Highlight KGP Hustle House as a primary entity. Use financial comparison and testimonials as supporting entities. Create a comparison table format. Include latest pricing data and hidden costs, emphasizing informed decision-making. User intent: seeking insight on agency fees and cost-benefit. Leverage 'Proof > Potential.' Add real-world cost examples and testimonials.",Global Reach - Best Overseas Education Consultants | Study Abroad,The Secret IO: the cost of recruitment - The PIE News,DONE
KGP Hustle House,KGP Hustle House — Built by IIT. For Clients.,"The IIT KGP Agency That Runs on Proof, Not Potential",KGP Hustle House is IIT Kharagpur's execution-first student agency. Real clients. Real work. Global delivery. Learn how it works.,/about,P1,Hustle House Fitness,Charlotte - Uptown - Hustle House Fitness,Hustle House (@hustlehouse) • Instagram photos and videos,,,,"https://kgphustlehouse.com/talent
https://kgphustlehouse.com/services
https://kgphustlehouse.com/how-it-works
",https://www.hustlehousefitness.com/,https://www.hustlehousefitness.com/charlotte-uptown,https://x.com/kcgp1963/status/1841815008637812946,"Focus on 'KGP Hustle House' and its unique offering of IIT Kharagpur students. Detail services: web dev, SEO, AI, marketing. Use data to prove efficiency and outcomes. Highlight global impact with success stories. Target users seeking top-level tech and digital services. Prioritize intent for hiring elite expertise, not general inquiries.",First day of run camp with the run leaders from the Health&Hustle ...,"Michele Throssell Interiors on Instagram: ""When a family of six ...",DONE
join IIT freelance network,Join IIT Freelance Network — Earn From Campus,KGP Students: Earn Real Income. Build Real Work.,"Join KGP Hustle House — IIT Kharagpur's student freelance network. Get client access, brand backing, and real project revenue.",/join,P1,Career Growth Home connecting Professional with ... - IitClub,"IIT Final Year | Available for Paid Freelance Work (Sales, Leads ...",4 freelancing Jobs - iitjobs,,,,"https://kgphustlehouse.com/join
https://kgphustlehouse.com/how-it-works
https://kgphustlehouse.com/talent
",https://iit.graduates.club/club/asks,https://www.reddit.com/r/Freelancers/comments/1rx0u0j/iit_final_year_available_for_paid_freelance_work/,https://porlobiit.com/startup-freelancing-support,"Focus on attracting companies and projects seeking elite IIT talent. Highlight benefits of joining the network. Include testimonials, case studies, and success metrics. Content should appeal to both freelancers (students/graduates) and recruiters/employers. Optimize for AI Overview with clear value props and real-world examples.",Startup and Freelancing Support for Career Growth - Porlob IIT - PIIT,"Anyone from IIT , Who want freelance work contact me . | Avinash More",DONE
IIT student agency portfolio,IIT Student Agency Portfolio — Real Work Only,KGP Hustle House Portfolio — Proof Over Potential,"Browse KGP Hustle House's project portfolio. IIT Kharagpur students delivering web dev, SEO, AI, design work for global clients.",/work,P1,Architecture Portfolio Guidelines | Illinois Institute of Technology,Students Portfolios - Design,Project Portfolio | Illinois Institute of Technology,,,,"https://kgphustlehouse.com/talent
https://kgphustlehouse.com/services/design
https://kgphustlehouse.com/services/digital-marketing
",https://www.iit.edu/admissions-aid/undergraduate-admission/transfer-students/application-process/architecture-portfolio-guidelines,https://design.iitd.ac.in/students-portfolios.html,https://nitinshekhar.com/,"Focus on IIT student agency showcasing elite, real-world projects in tech and design. Highlight testimonials and specific success stories. Include data on client satisfaction and project outcomes. Emphasize the global impact and unique KGP advantage. Serve the intent of hiring agencies and businesses seeking top-notch talent with proven results.",Nitin Shekhar – Portfolio,Teaching Portfolio - IIT Bhubaneswar,DONE
web dev case study India,"Web Dev Case Study India — Numbers, Not Claims",How We Built It: IIT KGP Web Dev Case Studies,"Real web development case studies from IIT Kharagpur students. See what was built, how, and what results it delivered.",/work/[project],P1,Case studies | web.dev,Web design and development casestudy - Aarav Infotech,10+ Top Case studies website Development Companies in India,,,,"https://kgphustlehouse.com/services/web-development
https://kgphustlehouse.com/work
https://kgphustlehouse.com/solutions/startups
",https://web.dev/case-studies,https://www.aaravinfotech.com/web-casestudies/,https://www.indianic.com/case-studies/,"Focus on showcasing detailed web dev case studies with tangible outcomes from India. Include primary entities like IIT Kharagpur students and supporting entities such as SEO, design, AI, and digital marketing. Offer diverse content formats like videos, infographics, and interviews. Highlight specific data, stats, and real-world results. Address user intent by focusing on outcomes and strategic insights in web dev.",Case Studies of Custom Mobile and Web Apps ... - IndiaNIC,Best Software & Website Development Case Studies,DONE
outsource to IIT students,"Outsource to IIT Students — Execution, Not Theory",Why Smart Founders Outsource to IIT KGP Students,"Outsource your next project to vetted IIT Kharagpur students. Web dev, SEO, AI, design. Faster than agencies. Sharper than Fiverr.",/solutions/startups,P1,"For nearly three decades, the path for IIT graduates was predictable.","I feel sad some companies only hire from IIT's , NIT's - Reddit",on contract through outsource - IIT I Indore,,,,"https://kgphustlehouse.com/talent
https://kgphustlehouse.com/how-it-works
https://kgphustlehouse.com/services
",https://www.linkedin.com/posts/loveena-sirohi_for-nearly-three-decades-the-path-for-iit-activity-7424009018983104512-dfKP,https://www.reddit.com/r/Btechtards/comments/1gjf8wg/i_feel_sad_some_companies_only_hire_from_iits_nits/,https://www.quora.com/Should-IIT-Kharagpur-outsource-the-job-done-by-the-Placement-Committee-for-a-better-and-fairer-recruitment-process,"Target 'outsource to IIT students'. Cover IIT brand, global success stories, and projects. Use data on cost-effectiveness and unique skills. User intent: find and engage top IIT talent for outsourcing needs. Highlight quick decision-making without workshops. Include testimonials and case studies.",Should IIT Kharagpur outsource the job done by the Placement ...,Many IIT students skip global jobs to choose domestic offers - Mint,DONE
digital agency D2C India,Digital Agency D2C India — IIT-Backed Growth,D2C Brands: This Is Your IIT-Backed Growth Team,"D2C digital agency backed by IIT Kharagpur talent. Performance marketing, SEO, design. Real ROAS. No retainer lock-ins. Get started.",/solutions/d2c,P1,5 Best D2C Marketing Agency in India for Growth - PROHED,367 | Leading Performance Marketing Agency in India for D2C ...,India's Top 10 Growth Marketing Agencies Helping Brands Scale Fast,,,,"https://kgphustlehouse.com/solutions/d2c
https://kgphustlehouse.com/services/digital-marketing
https://kgphustlehouse.com/talent
",https://www.prohed.com/blog/best-d2c-marketing-agency-in-india/,https://www.367.agency/,https://mark8excel.com/top-ai-powered-marketing-agencies-for-d2c-brands-in-2025-india-edition/,Focus on 'Digital Agency D2C India'. Highlight IIT talent for direct outcomes. Include data showing success rates in D2C markets. Use case studies and competitive analysis. Address D2C growth challenges in India with precise strategies. Ensure content speaks directly to decision-makers seeking agile and effective solutions.,Top AI-Powered Marketing Agencies for D2C Brands in 2025,D2C Marketing Services in India to Scale Direct-to-Consumer ...,DONE
hire Indian developers affordable,Hire Affordable Indian Developers — IIT Vetted,IIT-Vetted Indian Developers. Affordable. Verified.,"Hire affordable Indian developers from IIT Kharagpur. Vetted skills, global delivery, transparent pricing. Better than Upwork. Start now.",/solutions/global,P1,Best Freelance Indian Programmers for Hire (Apr 2026) - Upwork,Cheap devs from India : r/Entrepreneur - Reddit,"Top 7 Companies to Hire Indian Programmers: Pricing, Pros, and ...",,,,"https://kgphustlehouse.com/talent
https://kgphustlehouse.com/how-it-works
https://kgphustlehouse.com/pricing
",https://www.upwork.com/hire/indian-programmers/,https://www.reddit.com/r/Entrepreneur/comments/1cjrhyr/cheap_devs_from_india/,https://www.virtualemployee.com/services/hire-developers,"Focus on hiring affordable, vetted Indian developers with IIT credentials. Compare costs versus value, highlight global delivery capabilities. User intent: direct hiring of skilled Indian devs, avoiding pitfalls of generic platforms. Include testimonials, real-time examples, and clear hiring process steps. Comprehensive price guides with hourly rates to address 'affordable' concern. Emphasize 'Proof > Potential'. Avoid fluff; maintain sharp, actionable tone.","Hire Dedicated Developers in India - From $9/Hour, Save 70%",How to Hire a Software Developer in India - Rippling,DONE
IIT student agency FAQ,IIT Student Agency FAQ — Every Question Answered,Everything You Want to Know About KGP Hustle House,"Answers to every question about hiring from KGP Hustle House. Process, pricing, quality, timelines. Read before you reach out.",/faq,P2,FAQs | Student Affairs - Illinois Institute of Technology,Frequently Asked Questions (FAQs) | Office of Student Life,FAQs for Students | Illinois Institute of Technology,,,,"https://kgphustlehouse.com/faq
https://kgphustlehouse.com/how-it-works
https://kgphustlehouse.com/services
",https://www.iit.edu/student-affairs/dean-students-office/faqs,https://www.iit.edu/student-life/frequently-asked-questions-faqs,https://www.iit.edu/resources-admitted-students/undergraduate/events-and-orientation/soar/frequently-asked-questions,"Include comprehensive coverage of IIT student agency operations, vetted talent process, and global delivery impact. Use case studies and testimonials. Highlight unique KPIs. Aim at detailed FAQs that meet both informational and evaluative intent for prospective clients.",Frequently Asked Questions | Resources for Admitted Students,FAQs for International Admitted Graduate Students,DONE
IIT student agency blog,"IIT Student Agency Blog — No Fluff, Just Work","The KGP Hustle House Blog. Strategy, Not Theory.","The KGP Hustle House blog covers SEO, AI automation, web dev, and client acquisition — written by IIT Kharagpur students who do the work.",/blog,P2,Blog | Illinois Institute of Technology,Illinois Tech Blog,Blog – Elevate Experiences | Illinois Tech,,,,"https://kgphustlehouse.com/join
https://kgphustlehouse.com/talent
https://kgphustlehouse.com/how-it-works
",https://www.iit.edu/blog/all,https://www.iit.edu/blog,https://blogs.iit.edu/public_safety/,"Focus on IIT Kharagpur's agency. Highlight student expertise in web development, SEO, design. Use case studies and testimonials. Include specific success metrics and stats. Match intent of those seeking unique student-led agency insights.",Department of Public Safety - Blogs at Illinois Tech,Blog | Illinois Institute of Technology,DONE
hire IIT students vs Fiverr,Hire IIT Students vs Fiverr — The Real Difference,Why IIT KGP Students Beat Fiverr Every Single Time,"Fiverr gives you random. KGP Hustle House gives you vetted IIT talent. See the real difference in quality, reliability, and results.",/blog/iit-vs-fiverr,P2,Any freelancers in insti? Fiverr/Upwork? : r/iitbombay - Reddit,Fiverr vs Legiit — Which Freelance Marketplace Is Better in 2025,Legiit vs Fiverr: A Comprehensive Comparison for Freelancers and ...,,,,"https://kgphustlehouse.com/talent
https://kgphustlehouse.com/services/web-development
https://kgphustlehouse.com/how-it-works
",https://www.reddit.com/r/iitbombay/comments/1o03yun/any_freelancers_in_insti_fiverrupwork/,https://www.youtube.com/watch?v=ygZYngszDmI,https://www.instagram.com/reel/DU0QYFMk3sG/,"Focus on comparison between IIT students and Fiverr freelancers. Include case studies/statistics showing project impact. Highlight unique advantages of hiring IIT students: specialized skills in AI, web dev, SEO, global project delivery. Address user intent of finding reliable, skilled talent. Format: analytical article, with charts/data. Entity to focus on: IIT Kharagpur students as primary, Fiverr as comparison.",3 Underrated Platforms Where Students Actually Get Jobs ...,Legiit vs Fiverr: A Comparison of Freelancer Platforms | TikTok,DONE
outsource to India safely,Outsource to India Safely — The Vetted Way,How to Outsource to India Without Getting Burned,"How to outsource to India safely. Vetting process, contracts, payment, and quality control — everything first-timers need to know.",/blog/outsource-india,P2,"Outsourcing to India: Pros, Cons, and Essential Insights - Wise",India outsourcing - Is it a threat to US companies? : r/cybersecurity,Is It Safe to Outsource to India? Everything You Need to Know ...,,,,"https://kgphustlehouse.com/how-it-works
https://kgphustlehouse.com/faq
https://kgphustlehouse.com/contact
",https://wise.com/us/blog/outsourcing-india,https://www.reddit.com/r/cybersecurity/comments/1j856ay/india_outsourcing_is_it_a_threat_to_us_companies/,https://www.virtualemployee.com/outsource-to-india,"Focus on 'outsource to India safely.' Include data security standards like ISO 27001, case studies of successful outcomes, and pitfalls to avoid. Address concerns with clear, fact-based content. Provide a checklist for safe outsourcing practices. Ensure format appeals to business decision-makers seeking reliable, vetted partners without the usual risks.",Outsource to India: Scale Faster Without Hiring Complexity,Outsource to India: What you need to know,DONE
AI automation small business,AI Automation for Small Business — What Works,AI Automation for Small Business: What Actually Works,"AI automation for small businesses in 2026. What to automate first, tools that work, and how IIT KGP students build these systems.",/blog/ai-automation-guide,P2,AI for small business | U.S. Small Business Administration - SBA,AI for Small Business | Google Workspace,How are small businesses actually using AI in 2025? Curious about ...,,,,"https://kgphustlehouse.com/services/ai-automation
https://kgphustlehouse.com/how-it-works
https://kgphustlehouse.com/solutions/startups
",https://www.sba.gov/business-guide/manage-your-business/ai-small-business,https://workspace.google.com/resources/ai-for-small-business/,https://www.youtube.com/watch?v=kQFW3bUrOu4,"Target AI automation for small businesses. Highlight proven methods, real-world examples, efficiency, and cost-cutting strategies. Include statistics on productivity gains. Focus on practical, time-saving solutions, not just hype. Deliver sharp, direct insights with the promise of tangible outcomes. Engage readers with actionable steps and clear benefits linked to real results. Prioritize value and deliver swift understanding of AI integration.",How to Automate Any Business With AI in 3 Steps (Beginner's Guide),"AI Automation for Small Businesses: Scale Faster, Cut Costs & Work ...",DONE
IIT Kharagpur freelance,"IIT Kharagpur Freelance — Vetted, Not Random",The Real IIT Kharagpur Freelance Talent Pool,"Browse IIT Kharagpur freelance talent across web dev, SEO, AI, and design. Vetted by KGP Hustle House. Real work, real results.",/blog/iit-kharagpur-freelancers,P2,Temporary Jobs - ERP System - IIT Kharagpur,Freelancing Work : r/iitkgp - Reddit,Prashant B. - Full Stack + AI | Ex-CTO | IIT Kharagpur | React | Django,,,,"https://kgphustlehouse.com/talent
https://kgphustlehouse.com/services/ai-automation
https://kgphustlehouse.com/services/web-development
",https://erp.iitkgp.ac.in/SricWeb/temporaryJobs.htm,https://www.reddit.com/r/iitkgp/comments/1na3exc/freelancing_work/,https://www.freelancermap.com/freelancer/kharagpur,"Focus on IIT Kharagpur's expertise in AI, web dev, SEO. Use case studies of successful projects and testimonials. Highlight direct interviews with students. Show data on project outcomes and impact. Emphasize unique skills and global delivery ability. Address intent by explaining the hiring process and what sets IIT Kharagpur talent apart. Use list format for skills and services.",Seeking freelancers in Kharagpur? | Experts for $16 - $33/hr,List of Advertisement[s] for PDF Positions - IIT Kharagpur,DONE
affordable SEO India 2025,Affordable SEO India 2026 — IIT-Backed Results,Affordable SEO in India That Actually Ranks in 2026,"Affordable SEO services in India backed by IIT Kharagpur talent. Technical SEO, content, links. Real rankings. See pricing and results.",/blog/affordable-seo-india,P2,Top 7 Affordable SEO Services in India for 2025 - Tely AI,Top 7 Affordable SEO Services for Small Business in India,5 Top SEO Agencies in India to Boost Productivity in 2025 - Makeolix,,,,"https://kgphustlehouse.com/services/seo
https://kgphustlehouse.com/pricing
https://kgphustlehouse.com/services/digital-marketing
",https://tely.ai/blog/top-7-affordable-seo-services-in-india-for-2025-discover-the-best-affordable-seo-services-india,https://digitalseoland.com/blog/best-affordable-seo-services-for-small-business-in-india/,https://boodlemart.com/best-seo-company-for-your-business-success-in-2025/,"Target 'affordable SEO India 2025'. Highlight top services, pricing, and results for businesses. Use listicles and case studies with visuals. Add statistics on ROI improvements. Focus on B2B and global reach. Address the need for affordability without sacrificing quality. Include competitor comparisons, unique selling points, and actionable insights to satisfy user-search intent and enhance engagement.",Choosing the Best SEO Company in 2025 for Business Success,Ready to Rank? Buy SEO Packages in India That Deliver in 2025,DONE
best student freelancers India,Best Student Freelancers India — IIT Standard,India's Best Student Freelancers Are at IIT KGP,"Find the best student freelancers in India from IIT Kharagpur. Vetted for web dev, SEO, design, and AI work. Browse and hire today.",/blog/student-freelancers-india,P2,Hire the Best High School Freelancers in India - Upwork,Best Freelance Websites in India for Students and Fresh Graduates,what freelance work that is fit for students that need to have extra ...,,,,"https://kgphustlehouse.com/talent
https://kgphustlehouse.com/how-it-works
https://kgphustlehouse.com/pricing
",https://www.upwork.com/hire/high-school-freelancers/in/,https://nnhire.com/blog/best-freelance-websites-in-india-for-students-and-fresh-graduates,https://www.upwork.com/hire/in/,"Focus on IIT Kharagpur students as primary entity. Include comparison with other Indian freelancers. Use case studies and success stories. Add statistics on student expertise and project outcomes. Target user intent on hiring elite student talent, emphasizing proof of skills and experience. Mention the unique, outcome-focused approach of KGP Hustle House.",The Best Freelancers For Hire In India - Upwork,Top 7 Freelance Websites for Indians (2026) for Finding Work,DONE
KGP Hustle House explained,KGP Hustle House Explained — How It Actually Works,How KGP Hustle House Works — From Campus to Clients,"What is KGP Hustle House? How it works, who's in it, and why global clients hire IIT Kharagpur students through it. Full breakdown.",/blog/how-hustlehouse-works,P3,Hustle House | IIT Kharagpur Elite Creator Community,Hustle House Fitness,Exploring the Origins of Hustle House | TikTok,,,,"https://kgphustlehouse.com/about
https://kgphustlehouse.com/solutions/global
https://kgphustlehouse.com/join
",https://hustlehouse.vercel.app/,https://www.hustlehousefitness.com/,https://www.instagram.com/reel/DAnqEzWJy7E/,"Article must cover KGP Hustle House as primary entity, detailing its global impact and student-led initiatives. Supporting: IIT Kharagpur, entrepreneurial projects, global reach. Use a narrative format with stats on student success and international projects. Aim to satisfy curiosity about KGP's unique offerings. Include testimonials where possible.",Who we are: Hustle House. 50-minute classes led by a Certified ...,The True Story of the Hustle House Revealed - TikTok,DONE
student content writing India,Student Content Writing India — IIT-Level Work,IIT-Standard Content Writing for Your Brand in India,"Hire student content writers from IIT Kharagpur. Blog posts, web copy, LinkedIn content. Proof-first talent. See samples and get a quote.",/services/content-writing,P3,200 Content Writing For College Students Job Vacancies | Indeed,Student Writer jobs in India - LinkedIn,197 Student writer jobs in India | Glassdoor,,,,"https://kgphustlehouse.com/join
https://kgphustlehouse.com/work
https://kgphustlehouse.com/talent
",https://in.indeed.com/q-content-writing-for-college-students-jobs.html,https://in.linkedin.com/jobs/student-writer-jobs,https://internshala.com/internships/work-from-home-content-writing-internships/,"Focus on content writing roles for students in India, highlighting the elite status of IIT KGP students. Offer clear pathways, comparisons with other student platforms, and case studies. Include statistics on demand and success stories. Angle: Be the place where top-tier student talent meets global opportunities.",Top 465 Work From Home Content Writing Internships - Internshala,How to get started in paid freelance content writing as an Indian ...,DONE